episode,raw_total,after_scale,health_diff_reward,duration_reward,on_hit,episode_reward
1,0.3376780927430271,0.252435989327289,1.0,-0.3623219072569729,-0.3,86.15279640212471
